cmc_rank,date_added,symbol,name,price,percent_change_1h,percent_change_24h,percent_change_7d,percent_change_30d,percent_change_60d,percent_change_90d,Ticker,Memetics,Risk,Category,Minimal BI,Optimal BI,Generational Price,60x Buy Price,D4,Lower Target Price,Median Target Price,Out Target Price,WW,Last Update,Target Price Source,Strategy Tier,Focus List,Investement %,Price in November 10th (2022),Buy,Drop needed Minimal BI,Drop  needed to Optimal BI,Drop needed to 60x
451,2020-08-28T00:00:00.000Z,ACA,Acala Token,0.041967075604087474,0.00867341,-0.75197105,-2.71047516,-27.77359497,-43.03395314,3.85959868,ACA,Polkadot interoperability for DeFi,High Risk (EHR),DeFi,0.03,0.017,0.01,0.035416667,,0.85,2.125,3.4,26.0,45107.0,Suppoman,Super Risk One Shot,1.0,,0.1095,0,28.52,59.49,15.61
7,2017-10-01T00:00:00.000Z,ADA,Cardano,0.2576642674838767,0.35237868,0.26595567,-2.92054865,-10.9869982,-10.77709435,-20.37295041,ADA,,Low Risk (LR),Layer 1,0.0,0.12,0.0,0.058333333,,0.0,3.5,7.0,0.0,,Suppoman,Blocked,,,0.31657627,0,100,53.43,77.36
113,2018-01-18T00:00:00.000Z,AGIX,SingularityNET,0.1898176365917922,-0.13203135,0.95850011,1.80143022,-7.86558417,-17.96458605,-25.73852699,AGIX,,Medium Risk (VHR),AI,0.0,0.0,0.0,0.008333333,,1.0,0.5,0.0,0.0,,,Invest After Research,1.0,0.04,0.4453,0,100,100,95.61
1656,2023-03-01T03:12:00.000Z,AIPAD,AIPAD,0.05966779271941119,0.42573575,1.38508004,-9.91484291,4.98979058,15.47913482,-23.44322204,AIPAD,,Degen (GHR),AI,0.0,0.0,0.015,0.016666667,,0.0,1.0,2.0,31.0,45140.0,Suppoman,,,,N/A,0,100,100,72.07
46,2019-06-20T00:00:00.000Z,ALGO,Algorand,0.09388960235479604,0.41883091,0.21648527,-2.97705149,-15.31379847,-15.47387177,-23.81285547,ALGO,,Medium Risk (HR),Layer 1,0.14,0.09,0.06,0.039166667,,1.3,2.35,5.85,0.0,,NO BS - Suppoman,DCA,1.0,0.07,0.265649297,1,-49.11,4.14,58.28
330,2022-01-05T09:29:06.000Z,ALI,Artificial Liquid Intelligence,0.015748697061735345,-0.154629,-0.27002031,-0.50205126,-6.62094644,-22.67407214,-38.58208293,ALI,,High Risk (EHR),AI,0.0,0.0,0.009,0.0075,,0.0,0.45,0.9,31.0,45140.0,Suppoman,Invest After Research,1.0,,0.0089165,0,100,100,52.38
35,2022-10-19T01:50:25.000Z,APT,Aptos,5.549074006256633,0.54837671,0.86480248,-4.0276724,-16.40376043,-21.05221051,-27.60311517,APT,,Low Risk (MR),Layer 1,4.0,3.0,1.5,1.25,,0.0,75.0,150.0,0.0,,Suppoman,Price Target Only,,,3.932399097,0,27.92,45.94,77.47
38,2023-03-23T12:50:11.000Z,ARB,Arbitrum,0.9004235782730436,0.28621858,0.16944047,-4.62570483,-20.33584035,-19.4446302,-20.33052736,ARB,,Low Risk (MR),Layer 1,0.7,0.4,0.2,0.25,,0.0,15.0,30.0,0.0,,Suppoman,Need to Research,,,N/A,0,22.26,55.58,72.24
97,2021-10-19T09:53:03.000Z,ASTR,Astar,0.05626427524582354,0.77014456,1.03459533,-2.66999859,7.67834696,32.6479582,32.44665833,ASTR,,Medium Risk (VHR),Interoperability - Layer 2,0.0,0.02,0.0,0.0,,0.0,0.0,0.0,0.0,,,Blocked,,,0.036673888,0,100,64.45,100
28,2019-03-14T00:00:00.000Z,ATOM,Cosmos,6.867943714036267,0.31269238,0.76878383,-5.11591214,-18.63724147,-25.03628068,-27.37806137,ATOM,,Low Risk (LR),Connected Blockchains,5.0,3.0,2.0,1.25,,0.0,75.0,150.0,0.0,,Suppoman,TOM,,,9.759606834,0,27.2,56.32,81.8
19,2020-07-13T00:00:00.000Z,AVAX,Avalanche,9.936059909524904,0.21445144,-0.01420729,-4.49494157,-19.93501386,-26.99996378,-28.82638543,AVAX,,Low Risk (LR),Layer 1,5.0,3.0,2.0,2.5,,0.0,150.0,300.0,0.0,,Suppoman,TOM,,,12.88266281,0,49.68,69.81,74.84
160,2022-02-02T02:48:14.000Z,AXL,Axelar,0.3576058848849575,0.0190378,1.3880664,4.50298207,-8.29909508,6.57055958,-17.58596068,AXL,,Medium Risk (VHR),Interoperability,0.225,0.15,0.1,0.083333333,,0.0,5.0,10.0,0.0,,Suppoman,Invest and Hold,1.0,0.05,0.6465,0,37.08,58.05,76.7
223,2021-09-20T16:55:23.000Z,AZERO,Aleph Zero,0.7598616750677247,-0.26739269,-0.45095068,-7.09811524,-17.26659565,-12.79297041,-23.99896122,AZERO,,Medium Risk (VHR),Layer 1,0.5,0.35,0.25,0.5,,0.0,30.0,60.0,0.0,,Suppoman,Invest and Hold,1.0,0.04,0.794262049,0,34.2,53.94,34.2
108,2017-06-01T00:00:00.000Z,BAT,Basic Attention Token,0.1703090124002652,0.3922782,2.10364695,-4.23525513,-16.91772777,-8.94428458,-13.49867101,BAT,,Medium Risk (VHR),Content Creation,0.0,0.0,0.0,0.0,,0.0,0.0,0.0,0.0,,,TOM,,,0.23104032,0,100,100,100
568,2021-11-16T03:46:11.000Z,BOBA,Boba Network,0.11785960501897604,-0.26323525,-2.24568821,-3.17210756,-11.12430489,-10.44233541,-25.93522118,BOBA,Optimistic Roleups Interoperability chain,High Risk (EHR),Interoperability,0.0,0.05,0.0,0.104166667,,5.0,6.25,7.5,26.0,45107.0,Suppoman,Blocked,,,0.219452322,0,100,57.58,11.62
114,2021-09-13T19:17:01.000Z,BONE,Bone ShibaSwap,0.9953555008116309,-0.07062267,-1.55523724,-20.39074857,-39.30464876,-27.2709089,25.04125016,BONE,,Medium Risk (VHR),Meme Eco System,0.25,0.15,0.06,0.25,,0.0,15.0,30.0,0.0,,Suppoman,Price Target Only,,,0.027797924,0,74.88,84.93,74.88
2445,2023-07-17T12:36:35.000Z,BROCK,Bitrock,0.06581988342597207,0.78163548,-4.40980239,-26.40062058,33.99171878,1717.89164139,1717.89164139,BROCK,,Degen (GHR),Layer 2,0.0,0.0,0.0,0.0,,0.0,0.0,0.0,0.0,,,Super Risk One Shot,1.0,,N/A,0,100,100,100
1,2010-07-13T00:00:00.000Z,BTC,Bitcoin,25738.09547078976,0.22652166,0.0695155,-5.62462204,-11.7650161,-14.73524781,-3.1606252,BTC,,Stable(LR),Store of Value,14000.0,12000.0,9000.0,1666.666667,,0.0,100000.0,200000.0,0.0,,,No Risk Portfolio,,,15863.9965,0,45.61,53.38,93.52
2483,2022-08-22T12:47:13.000Z,CANTO,CANTO,0.08802215879299265,0.68961885,0.1208226,-1.6593816,-18.4227769,-26.00116693,-42.23177033,CANTO,,Degen (GHR),Defi,0.0,0.0,0.0,0.0,,0.0,0.0,0.0,0.0,,,Blocked,,,N/A,0,100,100,100
909,2023-04-10T12:12:43.000Z,CGPT,ChainGPT,0.047675918050711016,0.70469905,-5.30831831,-15.18470885,-22.77574854,-36.36585261,-55.06346505,CGPT,,Degen (GHR),AI,0.0,0.03,0.025,0.033333333,,1.5,2.0,2.5,31.0,45140.0,Suppoman,Super Risk One Shot,,,N/A,0,100,37.08,30.08
79,2020-07-21T00:00:00.000Z,CSPR,Casper,0.03456258250188034,0.48172253,-1.23271545,-3.84945766,-11.70157678,-8.88654882,-20.89155778,CSPR,,Medium Risk (VHR),Adoption,0.018,0.015,0.0099,0.016666667,,0.0,1.0,2.0,0.0,,Suppoman,Invest After Research,,,0.1227,0,47.92,56.6,51.78
762,2022-01-31T02:46:54.000Z,CULT,Cult DAO,2.1002432282003118e-06,0.57919105,1.23674214,1.3762235,-18.62355561,-28.3347614,-39.07522717,CULT,,Degen (GHR),Meme,0.0,0.0,0.0,0.0,,0.0,0.0,0.0,0.0,,,Blocked,,,5.06651e-06,0,100,100,100
446,2021-08-24T00:00:00.000Z,DAR,Mines of Dalarnia,0.08623208228402146,0.23063646,0.12156886,1.95588128,-18.5778639,-13.80065363,-23.89487763,DAR,,High Risk (EHR),Gaming,0.05,0.0,0.0,0.0,,0.0,0.0,0.0,28.0,45108.0,Suppoman,Price Target only,,,N/A,0,42.02,100,100
701,2022-08-16T15:08:33.000Z,DC,Dogechain,0.0005506780632184299,0.44039168,-1.04397013,-9.69809281,-13.49448756,-14.26131191,-20.66010978,DC,,High Risk (EHR),Layer 1,0.0004,0.0001,8e-05,0.000416667,,0.0,0.025,0.05,0.0,,Suppoman,Invest and Hold,1.0,0.05,0.001102981,0,27.36,81.84,24.34
260,2021-06-15T00:00:00.000Z,DESO,Decentralized Social,8.803678274623,0.12420628,0.03995667,-2.09704598,-1.9331365,-4.50239582,-4.26962536,DESO,,High Risk (EHR),Social Media,0.0,2.0,0.0,0.0,,0.0,0.0,0.0,0.0,,,Invest After Research,1.0,0.03,9.155,0,100,77.28,100
677,2021-12-23T16:34:38.000Z,DOME,Everdome,0.0006986993224630842,-0.10580933,-5.28289591,-11.61329921,-32.20832851,-39.31415878,-43.61338284,DOME,,High Risk (EHR),Metaverse,0.0,0.0005,0.0,0.001041667,,0.025,0.0625,0.1,26.0,45107.0,Suppman,Super Risk One Shot,,,0.002043,3,100,28.44,-49.09
14,2020-08-19T00:00:00.000Z,DOT,Polkadot,4.251469253638118,0.49725145,0.14555003,-6.28961178,-14.18968475,-16.71698714,-15.4026495,DOT,,Low Risk (LR),Layer 0,3.0,2.0,1.0,1.5,,0.0,90.0,180.0,0.0,,Suppoman,TOM,,,5.405016881,0,29.44,52.96,64.72
50,2020-09-04T00:00:00.000Z,EGLD,MultiversX,24.580029042498712,0.34090094,-1.95221324,-6.3399795,-20.13640295,-27.35042514,-29.79528222,EGLD,,Medium Risk (HR),Layer 1,25.0,20.0,9.5,12.5,,0.0,750.0,1500.0,0.0,,Suppoman,Price Target Only,,,42.10755342,1,-1.71,18.63,49.15
2,2015-08-07T00:00:00.000Z,ETH,Ethereum,1632.3583166391538,0.21500969,0.15555246,-4.2566264,-10.5285541,-12.03105901,-11.84286219,ETH,,Stable(LR),Smart Contracts,800.0,650.0,300.0,208.3333333,,0.0,12500.0,25000.0,0.0,,Suppoman,No Risk Portfolio,,,1099.622243,0,50.99,60.18,87.24
2315,2022-05-02T16:13:03.000Z,EVMOS,Evmos,0.05532707085024716,1.05777841,-0.4076104,-12.64155236,-23.43148491,-40.73256956,-50.34305329,EVMOS,,Degen (GHR),Interoperability,0.2,0.135,0.08,0.058333333,,2.0,3.5,5.0,0.0,,Suppoman,Blocked,1.0,,1.2278,3,-261.49,-144.0,-5.43
125,2019-03-02T00:00:00.000Z,FET,Fetch.ai,0.25316881859121454,-0.04716074,1.01579946,10.51045847,29.87883583,16.2565389,10.35143862,FET,,Medium Risk (VHR),AI,0.0,0.0,0.0,0.0,,0.0,0.0,0.0,0.0,,,Invest After Research,,,0.06884,0,100,100,100
175,2018-08-02T00:00:00.000Z,FLUX,Flux,0.3472381031379438,1.27943213,8.52722094,10.05873129,-10.42060592,-17.38282564,-25.15203358,FLUX,,Medium Risk (VHR),WEB3,0.3,0.25,0.1,0.1625,,3.0,9.75,12.0,31.0,45140.0,"Suppoman, NO BS",TOM,1.0,,0.506681792,0,13.6,28.0,53.2
85,2020-09-16T00:00:00.000Z,GALA,Gala,0.016065356766557265,0.85654252,-1.94978495,-19.31613628,-29.86507361,-32.4030249,-38.46353303,GALA,,Medium Risk (HR),Gaming,0.02,0.015,0.0085,0.012,,0.13,0.72,1.0,24.0,45093.0,Suppoman,Invest and Hold,1.0,0.05,0.025583424,1,-24.49,6.63,25.31
661,2023-02-04T23:52:41.000Z,GFAL,Games for a Living,0.01953845818547702,0.15839707,5.88099793,17.56795747,38.40478597,28.9186233,69.09172759,GFAL,,Degen (GHR),Gaming,0.003,0.002,0.001,0.00415,,0.0,0.249,0.498,28.0,45108.0,Suppoman,Super Risk One Shot,,,N/A,0,84.65,89.76,78.76
166,2022-01-11T12:55:50.000Z,GLMR,Moonbeam,0.1824323973566072,0.207388,-0.05857471,-6.90060714,-21.18752409,-24.30819669,-30.20272953,GLMR,,Medium Risk (VHR),Interoperability,0.25,0.1,0.05,0.113333333,,4.5,6.8,9.1,31.0,45140.0,NO BS,DCA,1.0,0.1,0.3675,1,-37.04,45.19,37.88
791,2021-11-11T03:50:30.000Z,GMM,Gamium,0.00039371642476247856,-0.00735489,-0.41431175,-12.0122926,-29.69754668,-43.97107584,-58.89488524,GMM,,Degen (GHR),Metaverse,0.0,0.0,0.0,0.0,,0.0,0.0,0.0,0.0,,,Super Risk One Shot,,,0.0005172,0,100,100,100
30,2019-09-17T00:00:00.000Z,HBAR,Hedera,0.04926783653725255,0.60850264,0.03774329,-8.08870773,-11.53779758,4.87242931,1.50068883,HBAR,,Low Risk (MR),Layer 1,0.05,0.035,0.02,0.033333333,,0.69,2.0,5.5,0.0,,NO BS - Suppoman,DCA,1.0,0.1,0.044164545,1,-1.49,28.96,32.34
,2023-04-19T15:44:36.000Z,HELI,HeliSwap,0.006769822493206529,0,0,0,17.679487,-34.83863408,-67.60210419,HELI,,Degen (GHR),Dex Eco System,0.0,0.0,0.0,0.0,,0.0,0.0,0.0,0.0,,,Super Risk One Shot,,,N/A,0,100,100,100
484,2022-10-20T13:00:42.000Z,HELLO,HELLO Labs,0.0463660547713646,0.19794473,-4.65460511,-8.7679018,12.97442014,14.76643971,20.96672042,HELLO,,High Risk (EHR),Layer 1,0.025,0.01,0.0,0.041666667,,0.0,2.5,5.0,0.0,,Suppoman,Price Target Only,1.0,0.04,N/A,0,46.08,78.43,10.14
670,2021-07-07T00:00:00.000Z,HERO,Metahero,0.0026232545076314536,0.01941004,0.74055029,-3.30428279,-8.84472603,-11.3447658,-21.40703373,HERO,,Degen (GHR),Metaverse,0.0,0.0,0.0,0.0,,0.0,0.0,0.0,28.0,45108.0,Beanstock,Price Target only,,,N/A,0,100,100,100
210,2019-12-17T00:00:00.000Z,HEX,HEX,0.0038764712295631266,-0.29178541,0.27241688,-1.37889869,-28.00003004,-52.856877,-55.99709506,HEX,,Low Risk (MR),DeFi - Community,0.0135,0.0099,0.003,0.016666667,,0.0,1.0,2.0,0.0,,Suppoman,Price Target Only,,,0.028907319,3,-248.25,-155.39,-329.94
275,2022-10-31T07:02:20.000Z,HFT,Hashflow,0.34491042532084987,0.63711625,0.78293493,6.29115648,-4.09708712,-3.15476617,-15.47153328,HFT,,High Risk (EHR),DeFi,0.2,0.1,0.05,0.0,,0.0,0.0,0.0,0.0,,Suppoman,Need to Research,,,0.5431,0,42.01,71.01,100
320,2021-08-12T00:00:00.000Z,HIGH,Highstreet,1.3149071270512542,0.8368565,5.64368565,11.34241707,-10.85719002,14.1782045,-15.05392266,HIGH,,High Risk (EHR),Metaverse,0.6,0.0,0.0,0.0,,0.0,0.0,0.0,28.0,45108.0,Suppoman,Price Target only,,,N/A,0,54.37,100,100
120,2020-06-05T00:00:00.000Z,HNT,Helium,1.5202959654468395,0.20999389,-2.06082615,-6.6602444,-26.56096924,12.00844435,5.94783283,HNT,,Medium Risk (VHR),Connectivity,1.25,0.8,0.5,0.833333333,,0.0,50.0,100.0,0.0,,Suppoman,Blocked,,,2.603081651,0,17.78,47.38,45.19
31,2021-03-23T00:00:00.000Z,ICP,Internet Computer,3.3411512916463573,0.74228273,1.35185668,-3.95293032,-18.2418209,-16.44813191,-20.09481146,ICP,Nerative change to Networks beeing green,Low Risk (MR),Cloud Infra,3.5,2.5,1.0,1.083333333,,50.0,65.0,80.0,24.0,45093.0,Bit Boy,Invest and Hold,1.0,,3.6792,1,-4.75,25.18,67.58
56,2021-06-24T00:00:00.000Z,IMX,Immutable,0.5446755795527787,0.20055628,-0.90203518,-5.84977617,-25.64630494,-22.08370146,-24.24791407,IMX,,Medium Risk (HR),NFT,0.2,0.1,0.05,0.125,,0.0,7.5,15.0,0.0,,Suppoman,Invest and Hold,1.0,,0.402491142,0,63.28,81.64,77.05
2532,2022-02-14T09:39:19.000Z,IRON,Iron Fish,0.6846171480530562,0.12000334,-0.15221413,-6.6285613,-17.25727192,-22.20493685,-52.47853921,IRON,,Degen (GHR),Layer 1 - POW,0.0,0.0,0.0,0.0,,0.0,0.0,0.0,0.0,,,,,,N/A,0,100,100,100
208,2022-06-01T00:03:58.000Z,KAS,Kaspa,0.03869900242987041,-1.60868998,12.20944032,13.3355711,-21.5630037,58.97099487,152.87339479,KAS,,Medium Risk (HR),POW,0.015,0.012,0.01,0.0095,,0.13,0.57,1.5,0.0,,Suppoman,Need to Research,1.0,,0.003649459,0,61.24,68.99,75.45
171,2020-05-31T00:00:00.000Z,KDA,Kadena,0.47918388642400267,0.20590262,-3.14126924,-2.06871466,-8.20127613,-21.13267202,-22.84041906,KDA,,Medium Risk (VHR),POW,0.8,0.5,0.3,0.333333333,,10.0,20.0,30.0,0.0,,Suppoman,TOM,,,0.96399261,2,-66.95,-4.34,30.44
21,2017-09-20T00:00:00.000Z,LINK,Chainlink,6.272702746133402,0.1759167,2.44454844,5.45478785,-12.63387982,2.23200741,4.46537207,LINK,,Low Risk (LR),Oracle,0.0,1.5,0.0,1.25,,0.0,75.0,150.0,0.0,,Suppoman,TOM,,,6.214925091,0,100,76.09,80.07
226,2020-05-25T00:00:00.000Z,LYX,LUKSO,6.2163543078603105,0.49132562,0.44129269,-5.17854429,2.37430158,-2.64292558,-2.64292558,LYX,,Medium Risk (VHR),Adoption,0.0,0.0,0.0,0.0,,0.0,0.0,0.0,0.0,,,TOM,,,4.972667037,0,100,100,100
170,2021-11-18T11:20:24.000Z,MAGIC,MAGIC,0.5029493267723932,0.23557765,-0.41392183,-4.2817378,-33.78249283,-35.98804775,-42.11512539,MAGIC,,Medium Risk (VHR),Gaming,0.7,0.5,0.4,0.416666667,,0.0,25.0,50.0,0.0,,Suppoman,Price Target Only,1.0,0.02,0.22495,1,-39.18,0.59,17.16
60,2017-09-17T00:00:00.000Z,MANA,Decentraland,0.29492570416743435,0.54533816,0.74355564,-3.16423428,-19.10843625,-23.14371609,-29.54507567,MANA,,Medium Risk (HR),Metaverse,0.3,0.2,0.1,0.166666667,,0.0,10.0,20.0,0.0,,Suppoman,Blocked,,,0.457652761,1,-1.72,32.19,43.49
13,2019-04-28T00:00:00.000Z,MATIC,Polygon,0.5587094800205785,0.64476348,0.19029775,-2.52332976,-15.5233679,-17.35813201,-28.37510079,MATIC,,Low Risk (LR),Layer 2,0.5,0.3,0.25,0.083333333,,0.0,5.0,10.0,0.0,,,TOM,,,0.81410088,0,10.51,46.3,85.08
350,2021-05-08T00:00:00.000Z,METIS,MetisDAO,11.26942924589105,0.02795728,-1.72325128,-6.09207854,-23.8240843,-26.60020368,-44.51704328,METIS,,High Risk (EHR),Layer 2,0.0,0.0,0.0,0.0,,0.0,0.0,0.0,0.0,,,TOM,,,18.86876716,0,100,100,100
86,2021-03-02T00:00:00.000Z,MINA,Mina,0.37630394936009887,0.4687393,-0.23784097,-3.35946604,-13.8297898,-15.56077554,-24.30501977,MINA,,Medium Risk (VHR),Layer 1,0.25,0.2,0.1,0.229166667,,7.5,13.75,20.0,31.0,45140.0,Suppoman + NO BS,DCA,1.0,0.08,0.547811688,0,33.56,46.85,39.1
355,2018-05-22T00:00:00.000Z,MNW,Morpheus.Network,1.0505701516384596,0.08808074,2.14306987,-3.62019243,0.89648363,-11.70098302,-10.65723035,MNW,,High Risk (EHR),Supply Management,0.0,0.0,0.0,0.0,,0.0,0.0,0.0,0.0,,,Super Risk One Shot,1.0,0.03,1.11,0,100,100,100
856,2022-10-19T09:21:55.000Z,MYRIA,Myria,0.001648026605615381,1.99819396,4.20335195,16.97688618,10.21142426,-4.036362,-20.84996026,MYRIA,,Degen (GHR),Gaming,0.0,0.0,0.0006,0.0,,0.0,0.0,0.0,0.0,,,,,,N/A,0,100,100,100
42,2020-08-11T00:00:00.000Z,NEAR,NEAR Protocol,1.1274696971758806,0.4300391,0.33019253,-5.99067514,-15.39543227,-17.81024619,-20.26120359,NEAR,,Low Risk (MR),Layer 1,0.9,0.65,0.5,0.75,,0.0,45.0,90.0,0.0,,Suppoman,TOM,,,2.028381872,0,20.18,42.35,33.48
370,2022-10-18T06:35:35.000Z,OAS,Oasys,0.04770533293379185,-0.10952774,-0.24554784,-3.46048235,-5.55610164,-24.82184636,-37.03223146,OAS,,High Risk (EHR),Gaming,0.03,0.02,0.015,0.025,,0.0,1.5,3.0,0.0,,Suppoman,Super Risk One Shot,,,N/A,0,37.11,58.08,47.59
128,2019-05-06T00:00:00.000Z,OCEAN,Ocean Protocol,0.32576131997693203,0.33039147,-0.44728297,-0.1415635,-2.98087943,-12.07799961,-4.83668732,OCEAN,,Medium Risk (VHR),Filesharing,0.08,0.04,0.027,0.025,,0.0,1.5,3.0,0.0,,Suppoman,Blocked,,,0.124765598,0,75.44,87.72,92.33
2981,2021-09-22T03:05:06.000Z,OCT,Octopus Network,0.11613994506557562,-0.01717986,-0.75793852,-9.62764442,-14.79153229,-25.02432358,-32.82845595,OCT,,Degen (GHR),Interoperability,0.2,0.15,0.1,0.166666667,,0.0,10.0,20.0,0.0,,Suppoman,Need to Research,1.0,0.05,N/A,3,-72.21,-29.15,-43.51
41,2022-05-31T16:19:46.000Z,OP,Optimism,1.3309023084849343,0.39882345,-0.49242267,-10.39277055,-25.39962385,10.26725697,-3.30331817,OP,,Low Risk (MR),Optimistic Role up,0.5,0.3,0.15,0.1,,3.75,6.0,15.0,0.0,,Suppoman,Blocked,,,0.78164801,0,62.43,77.46,92.49
556,2020-10-27T00:00:00.000Z,ORAI,Oraichain,1.6800808981859854,-0.05752589,-0.1169212,-8.18387364,-20.63282885,-32.79328915,-45.86213067,ORAI,Oracle AI Blockchain allows for use of AI models on it's blockchain,Degen (GHR),AI,1.0,0.5,0.2,0.833333333,,0.0,50.0,100.0,0.0,,,Super Risk One Shot,1.0,0.05,1.0722,0,40.48,70.24,50.4
92,2023-04-17T06:18:08.000Z,PEPE,Pepe,7.945643390886105e-07,0.73541006,-0.04138028,-8.15074103,-28.70790866,-48.18912629,-26.91644557,PEPE,,MEME,MEME,7e-07,3e-07,1e-07,9.16667e-07,,1e-05,5.5e-05,0.0001,29.0,45108.0,Suppoman,Price Target only,,,N/A,3,11.9,62.24,-15.37
296,2020-12-22T00:00:00.000Z,POND,Marlin,0.00794988450291516,0.47366753,1.64415085,-1.7951383,-3.88838026,-22.92616381,1.12815228,POND,,High Risk (EHR),Layer 0,0.0035,0.002,0.0009,0.0025,,0.0,0.15,0.3,0.0,,Suppoman,Price Target Only,,,0.007705,0,55.97,74.84,68.55
37,2018-08-10T00:00:00.000Z,QNT,Quant,100.11666365265363,0.62119037,1.13251517,-0.36758917,-1.1637236,-3.01759701,-9.83356424,QNT,,Low Risk (MR),Interoperability,100.0,90.0,50.0,33.33333333,,1500.0,2000.0,5000.0,0.0,,NO BS,Price Target Only,,,108.61,0,0.12,10.1,66.71
,2021-04-07T00:00:00.000Z,QUAI,QUAI DAO,0.0024447599391891253,-0.26807417,-28.16445343,967.9569482,552.6018717,-30.76776396,-33.56862186,QUAI,,Degen (GHR),Layer 1,0.0,0.0,0.0,0.0,,0.0,0.0,0.0,0.0,,,Not Out Yet,,,N/A,0,100,100,100
1195,2020-06-25T00:00:00.000Z,RIO,Realio Network,0.24497061500697848,-0.63792926,-3.85398151,16.72789613,5.93765919,12.29806201,29.82838643,RIO,,Degen (GHR),Real World Assets,0.0,0.0,0.0,0.0,,0.0,0.0,0.0,0.0,,,Super Risk One Shot,,,1.396,0,100,100,100
63,2020-06-11T00:00:00.000Z,RNDR,Render,1.3864908484820708,0.60929582,2.35015576,-3.39528402,-12.55290387,-28.2129986,-38.32767766,RNDR,,Medium Risk (HR),Metaverse,0.0,0.0,0.0,0.0,,0.0,0.0,0.0,0.0,,,Need to Research,,,0.434,0,100,100,100
753,2021-04-22T00:00:00.000Z,SAITO,Saito,0.009031841179970744,-0.10731104,-2.00090548,-2.5308965,-8.51226269,-13.37933921,-11.47893615,SAITO,,Degen (GHR),WEB3,0.004,0.0025,0.001,0.002083333,,0.0,0.125,0.25,0.0,,Suppoman,Blocked,,,0.01056,0,55.71,72.32,76.93
53,2020-08-05T00:00:00.000Z,SAND,The Sandbox,0.3046495791859751,0.51073394,-0.73031347,-5.53357366,-23.90226747,-26.18452578,-37.37624429,SAND,,Medium Risk (HR),Metaverse,0.4,0.3,0.15,0.208333333,,0.0,12.5,25.0,0.0,,Suppoman,Price Target Only,,,0.566401709,1,-31.3,1.53,31.62
9,2020-04-10T00:00:00.000Z,SOL,Solana,19.626122338326113,0.31717036,-3.16516465,-5.69133586,-14.65559605,-10.04510624,3.83011735,SOL,,Low Risk (LR),Layer 1,11.0,8.0,6.0,4.166666667,,0.0,250.0,500.0,0.0,,Suppoman,Price Target Only,,,13.97870155,0,43.95,59.24,78.77
685,2021-06-13T00:00:00.000Z,STOS,Stratos,0.6413333530885698,0.10846862,-0.39741567,0.83221563,30.64437296,16.3751493,14.98061214,STOS,,Degen (GHR),Cloud Infra,0.17,0.1,0.04,0.05,,0.0,3.0,6.0,0.0,,Suppoman,Invest and Hold,1.0,0.02,0.396104732,0,73.49,84.41,92.2
4336,2021-09-20T19:10:22.000Z,SUNDAE,SundaeSwap,0.008592066351328708,0.34481295,1.43633864,4.54633841,-32.73336895,-35.90965345,-35.70911603,SUNDAE,,Degen (GHR),DeFi,0.012,0.009,0.005,0.033333333,,0.0,2.0,4.0,0.0,,Suppoman,Invest and Hold,1.0,0.05,0.015371204,3,-39.66,-4.75,-287.95
2715,2022-04-06T05:24:35.000Z,TAKI,TAKI,0.006148499464188835,-0.01041873,-1.97323175,0.41436012,-5.1975778,-0.74262492,-8.05353738,TAKI,,Degen (GHR),DeSo,0.0,0.0025,0.0,0.004166667,,0.125,0.25,0.375,26.0,45107.0,Suppoman,Super Risk One Shot,,,0.006718,0,100,59.34,32.23
2286,2023-03-06T05:20:00.000Z,TAO,Bittensor,50.044977055910365,-0.93912301,-4.78497058,-12.27189529,-22.45053087,-2.42032516,-2.59530829,TAO,,Degen (GHR),AI,0.0,0.0,15.0,8.333333333,,0.0,500.0,1000.0,0.0,,,,,,N/A,0,100,100,83.35
2195,2023-05-23T12:08:26.000Z,TENET,TENET,0.14542502073915384,0.17126479,1.70551731,-0.14594349,32.51402772,12.84566724,-17.13084817,TENET,,Degen (GHR),Liquid Staking,0.0,0.04,0.0,0.133333333,,4.0,8.0,12.0,26.0,45107.0,Suppman,Super Risk One Shot,,,N/A,0,100,72.49,8.31
615,2021-06-30T00:00:00.000Z,UFO,UFO Gaming,6.535947364748485e-07,0.65220025,-0.117669,-5.72650351,-17.5223868,-24.55701964,-37.2506232,UFO,,High Risk (EHR),Gaming,9.99e-07,8e-07,3e-07,4.16667e-07,,0.0,2.5e-05,5e-05,0.0,,Suppoman,Price Target Only,1.0,0.03,1.5506e-06,2,-52.85,-22.4,36.25
39,2017-08-22T00:00:00.000Z,VET,VeChain,0.01557701625015461,0.59553818,-0.02202308,-3.76028334,-11.48905305,-16.7660355,-12.85295696,VET,,Low Risk (MR),Logistics - Supply Management,0.0,0.0,0.0,0.0,,0.0,0.0,0.0,0.0,,,Need to Research,,,0.019421403,0,100,100,100
656,2019-10-03T00:00:00.000Z,VLX,Velas,0.005673243408451289,-0.25085235,-4.70710193,4.0838465,-40.64199932,-56.89050007,-60.16275842,VLX,,High Risk (EHR),Layer 2,0.015,0.009,0.004,0.0125,,0.0,0.75,1.5,0.0,,Suppoman,Blocked,,,0.026982891,3,-164.4,-58.64,-120.33
623,2021-12-14T12:02:47.000Z,VOXEL,Voxies,0.13595385837937315,-0.10820114,-1.81976949,2.07205261,-8.44838602,-2.1864936,-10.80885808,VOXEL,,Degen (GHR),Gaming,0.07,0.0,0.0,0.0,,0.0,0.0,0.0,28.0,45108.0,Suppoman,Price Target only,,,N/A,0,48.51,100,100
386,2019-04-03T00:00:00.000Z,VRA,Verasity,0.004104274711474617,-0.25719385,-0.51257407,-4.01622315,-9.65177891,-15.96982533,-10.65231934,VRA,,High Risk (EHR),Advertising ,0.003,0.002,0.001,0.00125,,0.06,0.075,0.09,31.0,45140.0,NO BS,Need to Research,1.0,0.02,0.00316745,0,26.91,51.27,69.54
45,2018-04-12T00:00:00.000Z,XDC,XDC Network,0.053817197391622336,-0.57492778,-3.28876526,-14.46518855,-21.92670503,69.82450695,54.04878013,XDC,,Medium Risk (HR),Defi,0.0,0.0,0.0,0.035916667,,0.66,2.155,3.65,30.0,45108.0,NO BS,Blocked,,,0.08747,0,100,100,33.26
2273,2022-10-09T06:19:56.000Z,XEN,XEN Crypto,6.223226796468227e-07,-0.21156589,-0.81518314,-13.6063416,-16.267872,-46.22213547,-70.05999279,XEN,,MEME,MEME,8e-07,3e-07,1e-07,8.33333e-07,,0.0,5e-05,0.0001,0.0,,Suppoman,Price Target Only,1.0,,1.38041e-05,3,-28.55,51.79,-33.91
